{"options":{"check_for_updates":true,"comment":null,"compatopts_for_requires":true,"compat_wrappedjsobject":false,"compat_metadata":false,"compat_foreach":false,"compat_arrayleft":false,"compat_uW_gmonkey":false,"compat_forvarin":false,"noframes":null,"awareOfChrome":false,"run_at":null,"override":{"use_includes":[],"orig_includes":[],"merge_includes":true,"use_matches":[],"orig_matches":["http://arcadiaservers.com/index.php/taigachat","http://arcadiaservers.com/index.php","http://arcadiaservers.com/index.php?taigachat","https://arcadiaservers.com/index.php/taigachat","https://arcadiaservers.com/index.php","https://arcadiaservers.com/index.php?taigachat","http://arcadiaservers.com/index.php/taigachat/","http://arcadiaservers.com/index.php/","http://arcadiaservers.com/index.php?taigachat/","https://arcadiaservers.com/index.php/taigachat/","https://arcadiaservers.com/index.php/","https://arcadiaservers.com/index.php?taigachat/"],"merge_matches":true,"use_excludes":[],"orig_excludes":[],"merge_excludes":true,"use_connects":[],"merge_connects":true,"use_blockers":[],"orig_run_at":"document-idle","orig_noframes":null}},"settings":{"enabled":true,"position":2},"meta":{"name":"Xenforo Colours/Colors and yeet disappearance For Shoutbox","uuid":"06ea5fed-f8c4-4415-b629-2a27331efc71","modified":1528335290602}}